id,first_name,last_name,Salary,Age,Gender
1,Kim,Sesons,19337.58,40,Male
2,Zacherie,Cawdell,97009.56,21,
3,Ambrose,Gieves,52504.91,16,Male
4,Care,Brackstone,,51,Male
5,Haleigh,Siaspinski,13204.46,28,Male
6,Anabal,Bruni,56788.33,29,Female
7,Orel,Schaumann,54869.48,24,Female
8,Guilbert,McLauchlin,55125.12,44,Male
9,Damien,Coffin,23011.27,54,Male
10,Cicily,Whenham,1463.81,22,Female
11,Seline,Noddle,,43,Female
12,Heida,Carlesso,6477.9,60,Female
13,Aylmar,Humberston,67771.45,16,Male
14,Sargent,Hollingsby,7366.4,46,Male
15,Oralle,Houten,12308.12,57,Female
16,Gabriela,De Roos,69581.94,41,Female
17,Julietta,Sothcott,97094.07,20,Female
18,Reggie,Ramsby,72583.74,52,Female
19,Flemming,Croucher,6187.71,49,Male
20,Galvin,Jeandillou,78345.85,60,Bigender
21,Myer,Tother,,56,Male
22,Michel,Brislawn,99528.09,25,Female
23,Maurise,Eckery,5619.17,,
24,Jenda,Langman,5016.18,37,Female
25,Giovanna,Ianson,6396.7,12,Female
26,Nancy,Mablestone,85449.18,25,Female
27,Jacinthe,Cadany,,54,Female
28,Lyda,Klampt,37051.68,38,Agender
29,Anton,Alyoshin,72241.05,49,Male
30,Alica,Paver,42875.77,25,Female
31,Naomi,MacKniely,83420.85,26,
32,Christabella,Raistrick,63929.56,61,Female
33,Jens,Cline,28193.62,18,Male
34,Sanderson,Bricknall,,44,Male
35,Candy,Surtees,12555.65,56,Female
36,Konrad,Tomasian,62157.97,,Male
37,Keriann,Casoni,1033.73,44,
38,Foss,de la Valette Parisot,23901.36,61,Male
39,Ramonda,Physic,59441.2,20,Female
40,Ania,Tregona,76275.64,15,Female
41,Nyssa,Simonetto,91692.88,38,Female
42,Galen,Gallihaulk,64388.79,59,Male
43,Ly,Brough,80439.74,18,Male
44,Gavrielle,Sandes,,58,Female
45,Percival,Bedburrow,88421.46,21,Male
46,Ange,Sennett,75178.26,63,
47,Melisandra,Peever,73444.57,13,Female
48,Zedekiah,Braferton,94001.59,36,Male
49,Viviana,Tunnick,44031.45,38,Agender
50,Rabi,Kiln,12644.12,29,Male
51,Winni,Mapplethorpe,9244.21,50,Female
52,Mindy,Dicte,,51,Female
53,Amelia,McRannell,5812.92,23,Female
54,Anne-marie,Houldin,95557.74,31,
55,Coral,Deedes,33232.33,35,Female
56,Giustina,Mosedale,73750.55,25,Female
57,Kelbee,Worboy,52116.75,25,Male
58,Nessie,Friese,78811.06,54,Female
59,Zulema,Treneman,68468.93,23,Female
60,Romy,Langsdon,50976.5,60,Female
61,Domingo,Pizzie,1752.82,60,Male
62,Monroe,Giveen,76379.35,57,Male
63,Talbert,McCrainor,,43,Male
64,Alexis,Simonson,56443.89,30,Male
65,Zachery,Baack,32995.08,26,
66,Vivian,Girardini,24351.26,54,Female
67,Homere,Raveau,74580.66,51,Male
68,Erich,Andres,,39,Male
69,Salli,Crambie,66353.97,54,Female
70,Darb,Plewes,90286.78,21,Male
71,Tucker,Thoma,33161.15,60,
72,Chiquita,Lawfull,28799.16,53,Female
73,Candra,MacNally,43881.07,60,Genderfluid
74,Aron,Di Biagio,,33,Male
75,Moselle,Wennam,18217.61,16,Female
76,Winthrop,Rookesby,20540.95,47,
77,Melisse,Klicher,3516.44,66,Female
78,Klemens,Mantle,99967.19,47,Male
79,Stephen,Dainton,57270.02,33,Non-binary
80,Derek,Lakeland,87537.35,21,Male
81,Margie,Rother,95780.9,17,Female
82,Udall,Hugle,,65,Male
83,Ileane,Halmkin,74509.81,61,Female
84,Rodney,Monkley,91186.51,58,Male
85,Gene,Palombi,93594.13,,Female
86,Paddie,Bru,13125.15,52,Male
87,Gonzalo,Luckwell,,12,Male
88,Rica,Metts,92940.57,16,Female
89,Griffy,Burnes,48642.99,20,Male
90,Talia,Cuxson,14274.38,52,
91,Violet,Agron,92627.64,16,Female
92,Salomo,Merrigans,45589.83,15,Male
93,Rowney,Gower,6138.86,51,
94,Aldis,Tours,,26,Male
95,Silvester,Pacey,53384.99,55,Male
96,Husein,Wisdish,85160.69,27,Male
97,Theodore,Simms,78675.89,46,Male
98,Ethan,Beharrell,86888.94,31,
99,Ursa,Sponder,,17,Female
100,Nancy,Sisson,82994.76,62,
